日時,担当者名,送り先,商品コード,発送伝票番号,結果
2026-05-01 08:55:43,209,八十晶子,4068804904876,490197462005,NG_商品違い
2026-05-01 08:56:33,209,八十晶子,4068804904876,490197462005,NG_商品違い
2026-05-01 08:56:55,205,谷口 恭平,penny6001xlxsbg,490197459813,OK
2026-05-01 08:57:08,209,八十晶子,4068804904876,490197462005,NG_商品違い
2026-05-01 08:57:47,209,平川 学,penny9907x280xjkwht,490197461994,OK
2026-05-01 08:58:13,205,小林 愛,bck030x230xbeg,490197459802,OK
2026-05-01 08:58:25,204,武田 ｴﾐ,penny9907x250xjkwht,490197460292,OK
2026-05-01 08:59:08,204,伊坂 香奈恵,bck030x220xblk,490197460281,OK
2026-05-01 08:59:09,209,加藤 愛,asahir301x225x310nvy,490197461983,OK
2026-05-01 08:59:21,205,鈴木 仁美,bck030x230xbeg,490197459791,OK
2026-05-01 08:59:48,204,須藤 克彦,wilsoncaj16011dbr270,490197460270,OK
2026-05-01 09:00:09,209,渡邊 賢治,0199025689397,490197461972,NG_商品違い
2026-05-01 09:00:20,204,國司 千穂,ll70608xlxblk,490197460266,OK
2026-05-01 09:00:44,205,早見 命子,rc5563685xsxrbk,490197459780,OK
2026-05-01 09:00:50,204,今井 弓,kg4060x1508blk260,490197460255,OK
2026-05-01 09:00:55,209,渡邊 賢治,skec205353x265xbbk,490197461972,OK
2026-05-01 09:01:17,204,鈴木 留美,lg1700x250xblk,490197460244,OK
2026-05-01 09:01:37,209,岩本紀子,b151142x199xble240,490197461961,OK
2026-05-01 09:01:40,204,,p},p},NG_伝票未登録
2026-05-01 09:01:41,204,,8KeC*K ;M5{,8KeC*K ;M5{,NG_伝票未登録
2026-05-01 09:01:42,204,,<|)<,<|)<,NG_伝票未登録
2026-05-01 09:01:42,204,,O^ry,O^ry,NG_伝票未登録
2026-05-01 09:01:43,204,,M5{,M5{,NG_伝票未登録
2026-05-01 09:01:45,204,,kok~;LI&XMF^jf[$@Jp&-,kok~;LI&XMF^jf[$@Jp&-,NG_伝票未登録
2026-05-01 09:02:02,205,大見夏子,edw7971x260xwht,490197459776,OK
2026-05-01 09:02:03,204,太田 泰仁,bck030x220xgry,490197460233,OK
2026-05-01 09:02:33,204,杉山 佑美,bck030x220xblk,490197460222,OK
2026-05-01 09:02:33,209,住友 裕美,mz7017x220xsax,490197461950,OK
2026-05-01 09:03:02,204,野津真理子,jk1074x270xwht,490197460211,OK
2026-05-01 09:03:09,209,鈴木昭二,mz7017x220xsax,490197461946,OK
2026-05-01 09:03:38,209,東野 光宏,mz7017x220xsax,490197461935,OK
2026-05-01 09:04:11,209,坂巻 秀和,2012wilsonairx280x71,490197461924,OK
2026-05-01 09:04:12,205,直江 俊之,skec205046x250xcdb,490197459765,OK
2026-05-01 09:04:34,208,,06973240,06973240,NG_伝票未登録
2026-05-01 09:04:49,209,近藤 真由,moz491xsxblk,490197461913,OK
2026-05-01 09:05:02,205,山本 達也,sk4900xmxblk,490197459754,OK
2026-05-01 09:05:26,209,瀬藤 友也,edw51333xmxblk,490197461902,OK
2026-05-01 09:05:30,205,龍道 奎太,ifmesc0003x180xblu,490197459743,OK
2026-05-01 09:05:58,205,白丸 久美子,ifmesc0003x235xblu,490197459732,OK
2026-05-01 09:06:06,209,金子 佳恵,bck030x200xbkw,490197461891,OK
2026-05-01 09:06:30,205,上垣 小織,sp1296xmx8bk,490197459721,NG_商品違い
2026-05-01 09:06:40,205,上垣 小織,sy12080xmxblk,490197459721,OK
2026-05-01 09:06:52,208,谷口 直樹,hms1863x260xbkb,490197460745,OK
2026-05-01 09:06:57,209,増間 由佳,bck030x210xbkw,490197461880,OK
2026-05-01 09:07:05,205,安蒜知之,ds8154xlxblk,490197459710,OK
2026-05-01 09:07:26,205,大澤 江梨子,ds8154xmxblk,490197459706,OK
2026-05-01 09:07:41,209,松尾 元裕,edm235x265xwpblk,490197461876,OK
2026-05-01 09:07:44,208,河田 亜希子,l304x240xbkb,490197460734,OK
2026-05-01 09:07:47,205,桜井 憲治,ds8154x2lxnvy,490197459695,OK
2026-05-01 09:08:23,209,城野 美紀,fkr1363x215xbkr,490197461865,OK
2026-05-01 09:08:56,208,加藤 ゆかり,bck030x190xbkw,490197460723,OK
2026-05-01 09:09:01,209,古谷 智子,moz491xlxblk,490197461854,OK
2026-05-01 09:09:42,205,石原 希望,asahir301x240x310nvy,490197459684,OK
2026-05-01 09:09:45,209,近藤 希美,jk1074x230xwht,490197461843,OK
2026-05-01 09:09:57,208,若林 智子,bck030x180xbeg,490197460712,OK
2026-05-01 09:10:16,209,山田拓,jk1074x230xwht,490197461832,OK
2026-05-01 09:10:49,208,高村 修平,wilson9xx265x5blk,490197460701,OK
2026-05-01 09:10:57,209,青木 拓也,l6236x250xblk,490197461821,OK
2026-05-01 09:11:39,208,山下 奈津希,bck030x190xbkw,490197460690,OK
2026-05-01 09:11:44,209,後藤則夫,l203x250xblk,490197461810,OK
2026-05-01 09:12:04,205,釼持 香,l6236x265xwhr,490197459673,NG_商品違い
2026-05-01 09:12:05,205,釼持 香,l6236x260xwhb,490197459673,OK
2026-05-01 09:12:23,209,内藤 実,l204x260xblk,490197461806,OK
2026-05-01 09:12:34,208,林田千鶴,bck030x190xbkw,490197460686,OK
2026-05-01 09:12:48,205,千葉 静,l203x255xblk,490197459662,NG_商品違い
2026-05-01 09:13:07,209,椎木 一弘,2012wilsonairx270x78,490197461795,OK
2026-05-01 09:13:08,205,千葉 静,l203x250xnvy,490197459662,OK
2026-05-01 09:13:23,202,佐藤 としゑ,moz491xsxbkw,491244902260,OK
2026-05-01 09:13:24,208,中野 史,2012wilsonairx265x70bbr,490197460675,OK
2026-05-01 09:13:42,209,山口 寛雄,2012wilsonairx270x78,490197461784,OK
2026-05-01 09:13:44,202,近藤 健二,fg550x260x01dbr,491244902256,OK
2026-05-01 09:14:05,202,楫 敦子,pl3130blkl,491244902245,OK
2026-05-01 09:14:20,205,野口 真実,4582392205202,490197459651,NG_商品違い
2026-05-01 09:14:28,202,田草川 幸宏,ifmesc0002x190xblu,491244902234,OK
2026-05-01 09:14:28,205,野口 真実,dstar4609x170xpnk,490197459651,OK
2026-05-01 09:14:31,208,中道 成見,4523118899251,490197460664,NG_商品違い
2026-05-01 09:14:40,208,中道 成見,spltm196x270xblk,490197460664,OK
2026-05-01 09:14:52,209,西 さとみ,jk1074x260xwht,490197461773,OK
2026-05-01 09:14:59,202,光永 真奈美,mz0800xmxblk,491244902223,OK
2026-05-01 09:15:21,209,溝江 佑莉愛,490197461762,490197461762,NG_商品違い
2026-05-01 09:15:24,202,出永 美保,algy4502x220xwhg,491244902212,OK
2026-05-01 09:15:27,205,佐藤 有香,rpremium2853x230xblk,490197459640,OK
2026-05-01 09:15:28,208,木原和範,penny6001xmxblk,490197460653,OK
2026-05-01 09:15:38,209,溝江 佑莉愛,mz8017x2lxsax,490197461762,OK
2026-05-01 09:15:50,202,実宝 裕子,jk1074x260xblk,491244902201,OK
2026-05-01 09:16:11,202,田村 奈津子,annanicola377blkbkm,491244902190,OK
2026-05-01 09:16:12,209,吉井 優希,2012wilsonairx290x70bbr,490197461751,OK
2026-05-01 09:16:26,208,嘉村 いず美,bck030x230xpcc,490197460642,OK
2026-05-01 09:16:33,205,具志堅 功,2012wilsonairx250x71,490197459636,OK
2026-05-01 09:16:39,202,池上 純子,bck030x220xbeg,491244902186,OK
2026-05-01 09:16:58,202,磯野 裕一,bck030x220xbeg,491244902175,OK
2026-05-01 09:17:02,209,中川雅則,penny6001x2lxblk,490197461740,OK
2026-05-01 09:17:08,208,村田幸千,bck030x230xpcc,490197460631,OK
2026-05-01 09:17:14,205,小松 加奈,b151142x245x062blk,490197459625,NG_商品違い
2026-05-01 09:17:18,202,木下 淳,bck030x200xgry,491244902164,OK
2026-05-01 09:17:27,205,小松 加奈,b151142x199xoke235,490197459625,OK
2026-05-01 09:17:37,202,黒柳 志穂,bck030x200xgry,491244902153,OK
2026-05-01 09:17:58,202,森本 衣葉,ifme203314x135x02beg,491244902142,OK
2026-05-01 09:18:04,208,戸坂 蓮,wilson9xx255x5blk,490197460620,OK
2026-05-01 09:18:22,202,飯嶋 由香里,ifme305317x175xpnk,491244902131,OK
2026-05-01 09:18:23,205,中村 勉,wilsonairxlx720bk,490197459614,OK
2026-05-01 09:18:44,202,池田 修昭,mz6221x255xblk,491244902120,OK
2026-05-01 09:18:46,208,高田 有理江,bck030x220xbkw,490197460616,OK
2026-05-01 09:18:47,209,鈴木 毅,dm2032x270xvlt,490197461736,OK
2026-05-01 09:19:05,202,伊久留 翼,2012wilsonairx245x79,491244902116,OK
2026-05-01 09:19:21,205,小田中 紗妃,precure3808x170x37ppl,490197459603,OK
2026-05-01 09:19:31,202,川畑和代,mz0800xsxblk,491244902105,OK
2026-05-01 09:19:32,208,加藤 佳澄,l761x235x780blk,490197460605,OK
2026-05-01 09:19:53,209,若林健洋,rbks130x265xblk,490197461725,OK
2026-05-01 09:19:57,202,内田 由佳,lg1700x280xblk,491244902094,OK
2026-05-01 09:19:59,205,向川 一恵,bck030x200xpcc,490197459592,OK
2026-05-01 09:20:15,208,丹山 拓海,2012wilsonairx280x70,490197460594,OK
2026-05-01 09:20:33,209,伊藤 祐樹,bck030x210xbkw,490197461714,OK
2026-05-01 09:20:37,205,上野 久美,pn8346x225xnvy,490197459581,NG_商品違い
2026-05-01 09:20:41,205,上野 久美,pn8405x245xblk,490197459581,NG_商品違い
2026-05-01 09:20:55,205,上野 久美,pn8346x230xnvy,490197459581,OK
2026-05-01 09:21:01,209,艮 麻衣子,bck030x210xbkw,490197461703,OK
2026-05-01 09:21:17,208,末重 恵,mz7017x200xnvy,490197460583,OK
2026-05-01 09:21:18,202,安藤 照美,mz8416xlxgry,491244902083,OK
2026-05-01 09:21:32,202,,002,002,NG_伝票未登録
2026-05-01 09:21:40,202,伊井島 尚志,2012wilsonairx265x78,491244902072,OK
2026-05-01 09:21:41,209,菊地 拓,fs900blkm,490197461692,OK
2026-05-01 09:21:44,205,海老 利加子,mz19315x250xbeg,490197459570,OK
2026-05-01 09:22:02,202,河本 謙,2012wilsonairx265x78,491244902061,OK
2026-05-01 09:22:18,208,仲松祐弥,alb5503x250xwht,490197460572,OK
2026-05-01 09:22:21,202,川島沙耶,mz8416xmxgry,491244902050,OK
2026-05-01 09:22:32,209,樋口 淳史,2012wilsonairx265x71,490197461681,OK
2026-05-01 09:22:48,202,奥田 晋作,penny6001xlxblk,491244902046,OK
2026-05-01 09:23:12,208,南 健吾,2012wilsonairx260x70,490197460561,OK
2026-05-01 09:23:14,202,藤間 芳子,rpremium2853x245xblk,491244902024,OK
2026-05-01 09:23:17,209,田尻 貴則,fs900blkm,490197461670,OK
2026-05-01 09:23:36,202,高橋 千晴,2105560019801,491244902013,NG_商品違い
2026-05-01 09:23:40,202,高橋 千晴,rpremium2853x245xoke,491244902013,OK
2026-05-01 09:24:02,205,深町 久美,ifmesc0002x240xwht,490197459566,OK
2026-05-01 09:24:03,209,岸本 隼人,fs900blkm,490197461666,OK
2026-05-01 09:24:08,202,鹿目 真美,pn8334x245xblk,491244902002,OK
2026-05-01 09:24:18,208,福川 浩市,tr744blkm,490197460550,OK
2026-05-01 09:24:40,209,石橋 弥奈,fs900blkm,490197461655,OK
2026-05-01 09:24:50,205,飯田 陽子,ifmesc0003x220xwht,490197459555,OK
2026-05-01 09:24:51,202,波田野 郁恵,edw7671x240xblk,491244901991,OK
2026-05-01 09:25:15,209,林 晶子,fs900blkm,490197461644,OK
2026-05-01 09:25:27,208,理士事務所 野添直樹,edm235x270xwpblk,490197460546,OK
2026-05-01 09:25:29,202,山本治,puma311996mx270x01,491244901980,OK
2026-05-01 09:25:49,209,守屋 雅彦,fs900blk2l,490197461633,OK
2026-05-01 09:26:10,202,樋口 蓮,puma311996mx270x01,491244901976,OK
2026-05-01 09:26:12,205,井場 おりえ,ifmesc0002x190xpnk,490197459544,OK
2026-05-01 09:26:26,208,EE HUNGCHANGTWHAPHXJ,edm235x280xwpbrn,490197460535,OK
2026-05-01 09:26:35,209,小井 久美,puma373168x245x01,490197461622,OK
2026-05-01 09:26:50,202,松本 恵美,skc149937wx245xnvpr,491244901965,OK
2026-05-01 09:27:11,208,米倉 奈津子,edm235x280xwpbrn,490197460524,OK
2026-05-01 09:27:16,205,堀尾 鏡子,ifmesc0003x210xwht,490197459533,OK
2026-05-01 09:27:25,202,石川 弥生,4547761542395,491244901954,NG_商品違い
2026-05-01 09:27:26,202,石川 弥生,pw1800x245xblk,491244901954,OK
2026-05-01 09:27:35,209,大川 航生,wilson8xx290x83bk,490197461611,NG_商品違い
2026-05-01 09:27:45,209,大川 航生,2012wilsonairx290x72,490197461611,OK
2026-05-01 09:27:57,205,辻山 米八,ifmesc0003x195xblu,490197459522,OK
2026-05-01 09:28:08,202,杉丘 偉光,skec205046x270xbbk,491244901943,OK
2026-05-01 09:28:15,208,梅谷 佳奈,skec183023wx255xwht,490197460513,OK
2026-05-01 09:28:40,209,新田宏基,4campers6201x265xblk,490197461600,OK
2026-05-01 09:28:41,205,櫛田 美樹,ifmesc0003x185xpnk,490197459511,OK
2026-05-01 09:29:21,208,内海高文,edm235x265xwpbrn,490197460502,OK
2026-05-01 09:29:24,205,国本 さおり,ifmesc0003x185xpnk,490197459500,OK
2026-05-01 09:29:33,202,松澤佐知子,lz56601kxlxsbu,491244901932,OK
2026-05-01 09:29:50,209,菅野 伊吹,adsig9184mx270xig9184,490197461596,OK
2026-05-01 09:30:07,202,本間 稚沙,sy12080xlxblk,491244901921,OK
2026-05-01 09:30:09,208,須藤 宏明,xst6032bkb270,490197460491,OK
2026-05-01 09:30:27,209,ﾟｯﾄ株式会社 松飛台店,im6620x230x6620bl,490197461585,OK
2026-05-01 09:30:51,202,中野 貴子,gpl22423x2lxkhk,491244901910,OK
2026-05-01 09:31:22,209,山本貴浩,puma313769x300x01,490197461574,OK
2026-05-01 09:31:24,202,中山 景子,ifme205318x180x13org,491244901906,OK
2026-05-01 09:31:50,202,光石 映子,4988537047131,491244901895,NG_商品違い
2026-05-01 09:31:53,202,光石 映子,gpu22206x280xblk,491244901895,OK
2026-05-01 09:32:02,205,高橋以利子,0198730447100,491244904743,NG_商品違い
2026-05-01 09:32:10,205,高橋以利子,nikehq2415005x255x005,491244904743,OK
2026-05-01 09:32:26,202,沖 瑠璃,ls8040x200xblke,491244901884,NG_商品違い
2026-05-01 09:32:28,205,島脇 幸子,mz498xmxgry,491244904732,OK
2026-05-01 09:32:29,202,沖 瑠璃,ls8040x220xblke,491244901884,NG_商品違い
2026-05-01 09:32:43,202,沖 瑠璃,ls8005fx200xblk,491244901884,OK
2026-05-01 09:32:50,205,真鍋 和昭,penny9907x280xjkwht,491244904721,OK
2026-05-01 09:33:11,202,谷川 真美,spltamm118x265xnvy,491244901873,OK
2026-05-01 09:33:19,205,矢澤 真由,asahir301x220x310blk,491244904710,OK
2026-05-01 09:33:47,205,落合 光,bck030x220xvnl,491244904706,OK
2026-05-01 09:33:53,202,佐藤 亘,ifmesc0002x180xblu,491244901862,OK
2026-05-01 09:34:04,205,松田 紗由美,bck030x220xvnl,491244904695,OK
2026-05-01 09:34:08,209,明石 望,mz8417xsxkhk,490197461563,OK
2026-05-01 09:34:22,205,酒田 晶子,bck030x220xvnl,491244904684,OK
2026-05-01 09:34:23,208,冨永 康平,xst6032bkb270,490197460480,OK
2026-05-01 09:34:24,202,五十嵐 薫,ifmesc0003x165xblu,491244901851,OK
2026-05-01 09:34:41,209,近藤 靖史,edm235x255xwpblk,490197461552,OK
2026-05-01 09:34:43,205,清水 靖子,bck030x190xbeg,491244904673,OK
2026-05-01 09:34:52,202,一ﾉ瀬 えり,ifmesc0003x175xgrn,491244901840,OK
2026-05-01 09:35:05,205,豊島真衣,rstac007xmxbkbr,491244904662,OK
2026-05-01 09:35:15,209,神崎 慎一,wilsoncaj16012blk270,490197461541,OK
2026-05-01 09:35:33,202,高島 由桂,2012dietslippersxfreexkhk,491244901836,OK
2026-05-01 09:35:45,208,梅木ちさ,mm5125x210xblk,490197460476,OK
2026-05-01 09:35:46,209,島崎 佳菜枝,wilsoncaj16012blk270,490197461530,OK
2026-05-01 09:35:59,202,清水 大介,ifmesc0003x155xyel,491244901825,OK
2026-05-01 09:36:20,209,佐久間 彦誌,wilsoncaj16012blk270,490197461526,OK
2026-05-01 09:36:31,202,山口 英之,r4360647x230xblk,491244901814,OK
2026-05-01 09:36:59,209,林 奈緒子,mz729x240xwht,490197461515,OK
2026-05-01 09:37:07,208,黒田 恵一郎,l6476bkr260,490197460465,OK
2026-05-01 09:37:25,205,加藤 雅子,rstac007xlxbkbr,491244904651,NG_商品違い
2026-05-01 09:37:27,205,加藤 雅子,rstac007xsxbkbr,491244904651,OK
2026-05-01 09:37:34,209,内山なつみ,wpc6915x2lxblk,490197461504,OK
2026-05-01 09:37:46,202,鈴木 佳呼,ifmesc0002x160xwht,491244901803,OK
2026-05-01 09:38:07,208,高木明美,l6476bkr255,490197460454,OK
2026-05-01 09:38:21,202,矢沢 かほ,ifmesc0003x200xwht,491244901792,OK
2026-05-01 09:38:39,205,大垣里恵,adsif6449x240xif6449,491244904640,OK
2026-05-01 09:38:45,209,加来 伸一朗,edm235x270xwpbrn,490197461493,OK
2026-05-01 09:38:49,202,永田 浩司,ifmesc0003x215xyel,491244901781,OK
2026-05-01 09:39:03,205,白戸康次,adsjr4613x290xjr4613,491244904636,OK
2026-05-01 09:39:10,202,鈴木 孝典,ifmesc0003x215xyel,491244901770,OK
2026-05-01 09:39:14,208,大町 幸勝,l6075x250xwht,490197460443,NG_商品違い
2026-05-01 09:39:18,209,田村 智之,edm235x270xwpblk,490197461482,NG_商品違い
2026-05-01 09:39:26,209,田村 智之,edm235x270xwpbrn,490197461482,OK
2026-05-01 09:39:33,205,角田 莉菜,b151142x199xble240,491244904625,OK
2026-05-01 09:39:47,208,大町 幸勝,alb5503x250xwht,490197460443,OK
2026-05-01 09:39:48,202,植田 典子,mz300xlxblk,491244901766,OK
2026-05-01 09:39:55,205,津田 あゆみ,kg9612xsx87blk,491244904614,OK
2026-05-01 09:39:59,209,佐藤 靖,edm235x270xwpbrn,490197461471,OK
2026-05-01 09:40:10,202,清水口 真銘,ifmesc0003x195xwht,491244901755,OK
2026-05-01 09:40:15,205,堀 純子,avv300x225xdbr,491244904603,OK
2026-05-01 09:40:34,202,太田 咲美,ba36603x190xblu,491244901744,OK
2026-05-01 09:40:37,205,近藤 香菜子,mz8017xlxsax,491244904592,OK
2026-05-01 09:40:38,209,美波 愛,mz8416xmxkhk,490197461460,OK
2026-05-01 09:40:45,208,田村 沙優香,wilson1901x260xblk,490197460432,OK
2026-05-01 09:40:58,205,松岡 ﾗｳﾛ真澄,du6009x265xmgn,491244904581,OK
2026-05-01 09:41:07,202,吉原 千晴,ds8154xlxbrn,491244901733,OK
2026-05-01 09:41:22,209,米倉 陵,dj360x260xnvy,490197461456,OK
2026-05-01 09:41:26,202,,005,005,NG_伝票未登録
2026-05-01 09:41:33,208,泉澤 雅子,b151142oke235,490197460421,OK
2026-05-01 09:41:36,205,東方田 優,gpl22423xmxblk,491244904570,OK
2026-05-01 09:41:37,202,相馬 美樹,ds8155xmxnvy,491244901722,OK
2026-05-01 09:42:01,202,清水 謙,ds8154x2lxblk,491244901711,OK
2026-05-01 09:42:11,209,宮本聡子,pl3130lgrys,490197461445,OK
2026-05-01 09:42:20,202,中島 遼,ds8154xlxblk,491244901700,OK
2026-05-01 09:42:20,208,池田 真樹子,pw7602x2lxblk,490197460410,OK
2026-05-01 09:42:40,202,氷熊 楓,ds8154xlxblk,491244901696,OK
2026-05-01 09:43:00,202,久保蒼大,ds8154x2lxblk,491244901685,OK
2026-05-01 09:43:01,209,石川 智一,mw4501brn255,490197461434,OK
2026-05-01 09:43:03,205,寺崎 容子,bck030x190xgry,491244904566,OK
2026-05-01 09:43:18,208,日野 万美,bck030x200xbkw,490197460406,OK
2026-05-01 09:43:25,205,永江 亜紀子,bck030x200xbkw,491244904555,OK
2026-05-01 09:43:31,202,長澤隆弘,ds8154x2lxgry,491244901674,OK
2026-05-01 09:43:38,205,,002,002,NG_伝票未登録
2026-05-01 09:43:46,209,松尾 芳子,b151142bke230,490197461423,OK
2026-05-01 09:43:48,205,守田 彩加,bck030x200xbkw,491244904544,OK
2026-05-01 09:44:06,205,小鷹光浩,du6009x260xblk,491244904533,OK
2026-05-01 09:44:19,208,橘 佳代子,bck030x200xbkw,490197460395,OK
2026-05-01 09:44:24,209,佐藤義和,nev817xlxbkr,490197461412,OK
2026-05-01 09:44:32,205,鶴田 郁子,xst6033bkbl,491244904522,OK
2026-05-01 09:44:36,202,榊原 高子,yukiko8504gmt220,491244901663,OK
2026-05-01 09:44:51,205,阿部 徳秀,bck030x210xbkw,491244904511,OK
2026-05-01 09:44:59,209,笹山 聡美,490197461401,490197461401,NG_商品違い
2026-05-01 09:45:07,205,森崎 友美,bck030x210xbkw,491244904500,OK
2026-05-01 09:45:15,209,笹山 聡美,bck030x190xbkw,490197461401,OK
2026-05-01 09:45:19,205,,005,005,NG_伝票未登録
2026-05-01 09:45:25,208,高濱 武士,jk1074x235xwht,490197460384,OK
2026-05-01 09:45:26,205,劉 美慧,bck030x210xbkw,491244904496,OK
2026-05-01 09:45:37,205,,002,002,NG_伝票未登録
2026-05-01 09:45:48,209,椴木美紀子,bck030x190xbkw,490197461390,OK
2026-05-01 09:45:52,205,宮本 怜奈,fkr1363x215xbkr,491244904485,OK
2026-05-01 09:46:04,208,湯上 友太,jk1074x235xwht,490197460373,OK
2026-05-01 09:46:23,205,田村 直樹,edm235x265xwpblk,491244904474,OK
2026-05-01 09:46:26,209,濱崎 裕衣,b151142x225x062ble,490197461386,OK
2026-05-01 09:46:34,205,,002,002,NG_伝票未登録
2026-05-01 09:46:38,205,,002,002,NG_伝票未登録
2026-05-01 09:46:44,202,小松 仁祐,4937687200354,491244901652,NG_商品違い
2026-05-01 09:46:48,205,木村 麻結,fkr1363x215xbkr,491244904463,OK
2026-05-01 09:46:51,208,尾崎 英梨子,jk1074x235xwht,490197460362,OK
2026-05-01 09:46:55,202,小松 仁祐,bck030x230xbkw,491244901652,OK
2026-05-01 09:47:10,205,林 真実,bck030x210xbeg,491244904452,OK
2026-05-01 09:47:14,209,奥田真由美,skec129403x235xbkw,490197461375,OK
2026-05-01 09:47:30,205,赤坂 達也,mz7017x210xnvy,491244904441,OK
2026-05-01 09:47:36,208,長沼 克巳,nbmw8804ebc7x255xbc7,490197460351,OK
2026-05-01 09:47:56,209,永溝 亮祐,wilsoncaj16022blk260,490197461364,OK
2026-05-01 09:47:57,205,清水 智弥,fkr1363x190xbkr,491244904430,OK
2026-05-01 09:47:58,202,瀧山 亜希,moz491x2lxblk,491244901641,OK
2026-05-01 09:48:07,205,,002,002,NG_伝票未登録
2026-05-01 09:48:15,205,内海 智裕,edm235x250xwpblk,491244904426,OK
2026-05-01 09:48:25,208,龍川ﾄｼ江,mz8416xmxbrn,490197460340,OK
2026-05-01 09:48:36,209,小阪田智之,nev817xlxblk,490197461353,OK
2026-05-01 09:48:45,205,佐竹 優一,2012wilsonairx270x78,491244904404,OK
2026-05-01 09:48:51,202,山中 美里,fkr1364x200xbkp,491244901630,OK
2026-05-01 09:49:04,205,石原 博文,2012wilsonairx260x78,491244904393,NG_商品違い
2026-05-01 09:49:09,208,安藤 邦敏,edm235x265xwpblk,490197460336,OK
2026-05-01 09:49:13,205,石原 博文,2012wilsonairx270x78,491244904393,OK
2026-05-01 09:49:29,209,五十嵐雅文,nev817xlxwht,490197461342,OK
2026-05-01 09:49:32,205,深見 拓也,2012wilsonairx270x78,491244904382,OK
2026-05-01 09:49:45,202,堀江 智子,mz8417xsxkhk,491244901626,OK
2026-05-01 09:49:53,205,日暮 翼,2012wilsonairx245x73,491244904371,OK
2026-05-01 09:49:59,208,下田公彦,2012wilsonairx245x72,490197460325,OK
2026-05-01 09:50:13,205,儘田 知美,fkr1363x230xbkr,491244904360,OK
2026-05-01 09:50:19,209,鹿島 裕子,lg1700x225xnvy,490197461331,OK
2026-05-01 09:50:31,205,柳野 玲子,bck030x180xblk,491244904356,OK
2026-05-01 09:50:56,209,入江 亮介,wilson9xx270x5blk,490197461320,OK
2026-05-01 09:51:09,208,折本 陽子,bck030x210xpcc,490197460314,OK
2026-05-01 09:51:23,202,水上 泰樹,robks1a20blk255,491244901615,OK
2026-05-01 09:51:34,209,中島かずみ,l303x225xblk,490197461316,OK
2026-05-01 09:51:45,202,山本 謙二,dm2020x270xblk,491244901604,OK
2026-05-01 09:52:00,205,飯田 裕美,xst6033bpkm,491244904345,OK
2026-05-01 09:52:00,208,小川 千尋,bck030x190xvnl,490197460303,OK
2026-05-01 09:52:06,209,黒岩 佳子,wilson9xx265x6blk,490197461305,OK
2026-05-01 09:52:25,205,田村智弘,edm235x265xwpblk,491244904334,OK
2026-05-01 09:52:42,209,佐伯 あやこ,mz408x2lxblk,490197461294,OK
2026-05-01 09:53:04,202,高岡 素己,wilsoncaj16021dbr255,491244901593,OK
2026-05-01 09:53:26,209,牧野 聡希,2012wilsonairx270x70,490197461283,OK
2026-05-01 09:53:34,205,山崎 沙紀子,bck030x210xbkw,491244904323,OK
2026-05-01 09:53:53,205,矢田 綾子,puma311996lx235x07,491244904312,OK
2026-05-01 09:54:00,209,矢野 貴士,2012wilsonairx270x70,490197461272,OK
2026-05-01 09:54:11,205,中岡 裕子,skec141489x230xbbk,491244904301,OK
2026-05-01 09:54:31,205,土田直美,moz491xmxblk,491244904290,OK
2026-05-01 09:54:50,205,小林 智子,mz19315x250x2366blk,491244904286,OK
2026-05-01 09:55:03,202,大策(株式会社翠鳳),valentino3912blks,491244901582,OK
2026-05-01 09:55:13,205,山下 俊輔,fs900blkl,491244904275,OK
2026-05-01 09:55:44,205,宮川 正克,fs900blkm,491244904264,OK
2026-05-01 09:56:06,205,羽鳥 佳之,fs900blkm,491244904253,OK
2026-05-01 09:56:25,205,小林 玲,fs900blkm,491244904242,OK
2026-05-01 09:56:47,205,武藤 崚平,sa2841x235xbeca,491244904231,NG_商品違い
2026-05-01 09:56:50,209,岡野高士,l6075x270xblk,490197461261,OK
2026-05-01 09:56:56,205,武藤 崚平,sa2841x240xbeca,491244904231,OK
2026-05-01 09:57:18,205,遠藤ひとみ,moz491xmxblk,491244904220,OK
2026-05-01 09:57:34,209,木村喜久枝,mz498xlxgry,490197461250,OK
2026-05-01 09:57:44,205,松原良治,puma313769x300x01,491244904216,OK
2026-05-01 09:58:01,208,奥田 香織,algy4502x210xwht,491244903892,OK
2026-05-01 09:58:12,209,前田洋司,gpu22341x260xwhb,490197461246,OK
2026-05-01 09:58:15,205,宮田 冬佳,gs303xsx00blk,491244904205,OK
2026-05-01 09:58:22,202,近藤万里,pn8403x245xblk,491244901571,OK
2026-05-01 09:58:49,208,渡辺松好,moz4273x250xblk,491244903881,OK
2026-05-01 09:58:54,209,根岸 友子,pl3130lgrys,490197461235,OK
2026-05-01 09:59:04,205,田村優子,mz7017x230xsax,491244904194,OK
2026-05-01 09:59:19,202,加藤 隆弘,mz7017x230xgry,491244901560,OK
2026-05-01 09:59:26,205,田川 召治,spltm196x260xnvy,491244904183,OK
2026-05-01 09:59:43,208,牧野 寛美,sa2814x230xblk,491244903870,OK
2026-05-01 09:59:46,209,石塚 一輝,fs900dbrs,490197461224,OK
2026-05-01 09:59:59,205,枇杷木 諭,robks1a20blk255,491244904172,OK
2026-05-01 10:00:20,208,吉倉 慶子,bck030x230xbkw,491244903866,OK
2026-05-01 10:00:26,205,宇都宮祐一,rbk10021257mx300xbbg,491244904161,OK
2026-05-01 10:00:35,202,和田 紗也香,ifme303419x160xyel,491244901556,OK
2026-05-01 10:00:35,209,宇留野 英一,va310x255xblk,490197461213,OK
2026-05-01 10:00:59,205,稲葉 房子,mz408xmxblk,491244904150,OK
2026-05-01 10:01:04,208,宮原隆之,penny6001x3lxsbg,491244903844,OK
2026-05-01 10:01:19,205,仙石 千里,du6009x280xblk,491244904146,OK
2026-05-01 10:01:33,202,佐々木 彩南,bck030x210xbkw,491244901545,OK
2026-05-01 10:01:40,209,藤原 このみ,l203x260xblk,490197461202,OK
2026-05-01 10:01:59,208,,002,002,NG_伝票未登録
2026-05-01 10:02:20,208,小谷正一,l204x260xbkb,491244903855,OK
2026-05-01 10:02:26,205,山田 裕之,wilsonairx3lx720bk,491244904135,OK
2026-05-01 10:02:31,202,,$615502,$615502,NG_伝票未登録
2026-05-01 10:02:33,202,,$615502,$615502,NG_伝票未登録
2026-05-01 10:02:33,209,村山 花野,bck030x210xbkw,490197461191,OK
2026-05-01 10:03:06,202,遠藤 克己,rappingopgryfre,491244901534,OK
2026-05-01 10:03:16,209,富永新司,aj221a7blk255,490197461180,OK
2026-05-01 10:03:38,208,横坂 南緒,mz498xlxgry,491244903833,OK
2026-05-01 10:03:59,209,藤原 このみ,l204x255xdgy,490197461176,NG_商品違い
2026-05-01 10:04:11,205,佐川 千世,b151142x240x062blk,491244904124,OK
2026-05-01 10:04:20,208,香川 梢,b151142bke240,491244903822,OK
2026-05-01 10:04:20,209,藤原 このみ,l303x240xblk,490197461176,OK
2026-05-01 10:04:22,205,,4571633369216,4571633369216,NG_伝票未登録
2026-05-01 10:04:26,205,,002,002,NG_伝票未登録
2026-05-01 10:04:39,205,岸田 智浩,l203x265xnvy,491244904113,OK
2026-05-01 10:04:53,209,寺下雄策,fs900dbrm,490197461165,OK
2026-05-01 10:05:08,205,西原 正人,mmm2033xlxblk,491244904102,OK
2026-05-01 10:05:08,208,友光 洋子,skec117497wx230xntg,491244903811,OK
2026-05-01 10:05:26,202,平田 憲雄,wilson8xx265x81bk,491244901523,OK
2026-05-01 10:05:32,205,松下 智佳,pn8334x230xblk,491244904091,OK
2026-05-01 10:05:47,209,木ﾉ内 浩二,l204x255xbkb,490197461154,OK
2026-05-01 10:06:01,205,塩澤 寛枝,mz8017x2lxnvy,491244904080,OK
2026-05-01 10:06:03,208,小黒 貴司,wilsoncaj16011dbr260,491244903800,OK
2026-05-01 10:06:22,205,朝岡亜衣,bck030x190xbkw,491244904076,OK
2026-05-01 10:06:25,209,寺川 優子,skec120012x225xmoc,490197461143,OK
2026-05-01 10:06:44,205,神谷 成美,bck030x190xbkw,491244904065,OK
2026-05-01 10:06:46,208,石船 雅一,skec117497wx245xbkg,491244903796,OK
2026-05-01 10:06:49,202,中下 浩子,2012dietslippersxfreexnvy,491244901512,OK
2026-05-01 10:07:03,205,松本 美奈子,bck030x190xbkw,491244904054,OK
2026-05-01 10:07:06,209,安藤 祥子,moz491xlxbkw,490197461132,OK
2026-05-01 10:07:22,205,渡邉 綾子,2012wilsonairx250x78,491244904043,OK
2026-05-01 10:07:34,208,前田 美鳳,l304x250xbkb,491244903785,OK
2026-05-01 10:07:42,209,渡邊直幸,wilsoncaj16022blk270,490197461121,OK
2026-05-01 10:07:45,205,伊藤幸充,nev817x2lxbkr,491244904032,OK
2026-05-01 10:07:54,202,山田 志穂,mz8017xmxblw,491244901501,OK
2026-05-01 10:08:18,209,國原 祐二,fs900dbrm,490197461110,OK
2026-05-01 10:08:22,208,萩原 正子,mk2813x235xoak,491244903774,OK
2026-05-01 10:08:30,205,大島 大地,mz7018x230xnvy,491244904021,OK
2026-05-01 10:09:02,205,HOANG QUYEN,l6075x265xwht,491244904010,OK
2026-05-01 10:09:04,209,尾野 和美,moz491xlxbkw,490197461106,OK
2026-05-01 10:09:10,208,川上 茜,gpl22423xlxblk,491244903763,OK
2026-05-01 10:09:20,205,西畑秀昭,l6075x255xblk,491244904006,OK
2026-05-01 10:09:34,202,蔵下 拓也,spltm196x255xnvy,491244901490,OK
2026-05-01 10:09:43,205,島 史治,165hmmm9592cho250,491244903995,OK
2026-05-01 10:10:04,205,五百川 正敏,dj360x255xbkb,491244903984,OK
2026-05-01 10:10:05,208,三上 弘花,gpl22423xsxblk,491244903752,OK
2026-05-01 10:10:26,205,金谷 満希子,moz491xmxwhw,491244903973,OK
2026-05-01 10:10:33,209,前田 絵里,bck030x230xgry,490197461095,OK
2026-05-01 10:10:45,205,武居 厚志,precure3808x170x37ppl,491244903962,OK
2026-05-01 10:11:05,209,小関 幸子,bck030x230xgry,490197461084,OK
2026-05-01 10:11:06,202,二又 徳子,sako,491244901486,OK
2026-05-01 10:11:11,208,大久保 由貴子,sa2814x245xcml,491244903741,OK
2026-05-01 10:11:24,202,田中 あずさ,mz7017x200xsax,491244901475,OK
2026-05-01 10:11:24,205,村山正彦,wilsoncaj16022blk260,491244903951,OK
2026-05-01 10:11:38,209,大西 崇範,puma311996mx265x01,490197461073,OK
2026-05-01 10:11:41,205,池田 正之,wilsoncaj16022blk260,491244903940,OK
2026-05-01 10:11:41,208,,002,002,NG_伝票未登録
2026-05-01 10:12:05,205,重野 博美,fkr1363x225xbkr,491244903936,OK
2026-05-01 10:12:07,208,田辺慧,rpremium3681xmxoke,491244903730,OK
2026-05-01 10:12:13,202,大浦 美香,l204x265xbkb,491244901464,OK
2026-05-01 10:12:23,205,杉田 るみ,sa2814x240xbeg,491244903925,OK
2026-05-01 10:12:26,209,川崎 ﾏﾘｱ,peanutspn8x245x2bkb,490197461062,OK
2026-05-01 10:12:39,208,,$652221,$652221,NG_伝票未登録
2026-05-01 10:12:49,205,吉田 哲也,2012wilsonairx260x72,491244903914,OK
2026-05-01 10:12:55,208,野間 弘晃,bck030x210xbkw,491244903726,OK
2026-05-01 10:13:02,202,土屋 桃子,jk1074x255xwht,491244901453,OK
2026-05-01 10:13:03,209,円山 真広,mz7017x190xbeg,490197461051,OK
2026-05-01 10:13:11,205,串田 茂,edm235x280xwpblk,491244903903,OK
2026-05-01 10:13:40,208,箱崎 勇也,algy4502x220xwht,491244903715,OK
2026-05-01 10:13:44,202,植田 悦子,bck030x210xgry,491244901442,OK
2026-05-01 10:13:52,209,長谷山洋子,skec188001x230xtpe,490197461040,OK
2026-05-01 10:14:38,202,保井さくら,bck030x230xctd,491244901431,OK
2026-05-01 10:14:39,208,山下 徹也,im6620x245x6620bl,491244903704,OK
2026-05-01 10:14:42,209,河野 孝典,nev816xlxblk,490197461036,OK
2026-05-01 10:15:29,202,白木 知典,penny9907x265xjkwbk,491244901416,NG_商品違い
2026-05-01 10:15:30,208,湯川 有人,parka8132whs210,491244903693,OK
2026-05-01 10:15:37,202,白木 知典,penny9907x265xjkwbk,491244901416,OK
2026-05-01 10:16:10,209,井上 ゆか,pn8334x230xblk,490197461025,OK
2026-05-01 10:16:17,208,長谷川 望,parka8132whs210,491244903682,OK
2026-05-01 10:16:49,209,山口綾子,starcrestjb60x280x601,490197461014,OK
2026-05-01 10:16:59,208,武田 亜里沙,jk1074x250xblk,491244903671,OK
2026-05-01 10:17:28,205,齋藤 絢香,msadv01wts225,491244903321,OK
2026-05-01 10:17:33,209,佐藤 由美子,bck030x230xblk,490197461003,OK
2026-05-01 10:17:43,202,,$$66505,$$66505,NG_伝票未登録
2026-05-01 10:17:46,205,関澤 恵,valentino3911blkm,491244903310,OK
2026-05-01 10:17:46,208,稲留 桂子,l303x250xgry,491244903660,OK
2026-05-01 10:18:00,202,榎谷 朋子,2012wilsonairx265x79,491244901420,OK
2026-05-01 10:18:08,205,小松 泉,mz808x225xwhs,491244903306,OK
2026-05-01 10:18:15,209,田村 光至,ifme305317x160xppl,490197460992,OK
2026-05-01 10:18:28,205,小川 千絵,moz491xmxbkw,491244903295,OK
2026-05-01 10:18:42,208,住吉 悟,fs900dbrm,491244903656,OK
2026-05-01 10:18:47,209,岩渕 麗子,490197460981,490197460981,NG_商品違い
2026-05-01 10:18:52,205,楢原 良和,aj221a20blk260,491244903284,OK
2026-05-01 10:19:11,205,造免 恭子,sa2841x225xbeca,491244903273,OK
2026-05-01 10:19:19,209,岩渕 麗子,sa2814x235xbeg,490197460981,OK
2026-05-01 10:19:29,205,古賀万里子,254hpl1006xlxbrn,491244903262,OK
2026-05-01 10:19:32,202,奥野 航生,2012wilsonairx265x70,491244901405,OK
2026-05-01 10:19:39,208,伊藤 正博,spltm196x255xblk,491244903645,OK
2026-05-01 10:19:49,205,加藤 智穂,edw4324x245xlbu,491244903251,OK
2026-05-01 10:20:06,202,倉橋 友里子,ifmesc0002x225xwht,491244901394,OK
2026-05-01 10:20:14,205,黒住勝正,l6075x280xwet,491244903240,OK
2026-05-01 10:20:14,209,曽根 真理,bck030x230xblk,490197460970,OK
2026-05-01 10:20:35,205,小西 聖一,l6236x270xwbk,491244903236,OK
2026-05-01 10:20:38,208,吉田 淳子,mk2811x230xabk,491244903634,OK
2026-05-01 10:20:53,205,入口 昌子,l761x230x780blk,491244903225,OK
2026-05-01 10:21:04,209,小堤 亮,rf0485x2lxblk,490197460966,OK
2026-05-01 10:21:09,205,田淵 優美,l761x230x780blk,491244903214,OK
2026-05-01 10:21:27,208,南 佑真,ls4034x200xblk,491244903623,OK
2026-05-01 10:21:36,205,居上 茂美,b151142x225x062blk,491244903203,OK
2026-05-01 10:21:38,202,小池 隆之,2012wilsonairx250x70bbr,491244901383,OK
2026-05-01 10:21:47,209,伊藤順子,bck030x230xblk,490197460955,OK
2026-05-01 10:21:59,205,川畑 恵,bck030x210xgry,491244903192,OK
2026-05-01 10:22:18,209,久樹晴代,edw37600x245xblk,490197460944,OK
2026-05-01 10:22:23,205,立尾 夏樹,pw7602x3lxblk,491244903181,OK
2026-05-01 10:22:45,205,吉田希美,jk1074x230xblk,491244903170,OK
2026-05-01 10:22:49,202,,xst6032bkb250,xst6032bkb250,NG_伝票未登録
2026-05-01 10:23:01,209,野田 博子,bck030x230xblk,490197460933,OK
2026-05-01 10:23:09,205,安達 恵,mz7017x200xblw,491244903166,OK
2026-05-01 10:23:27,205,大庭 絵理,jk1074x230xblk,491244903155,OK
2026-05-01 10:23:41,209,板谷 剛宏,rbk10021257mx270xbbg,490197460922,OK
2026-05-01 10:23:45,205,眞島 彩花,bck030x200xpcc,491244903144,OK
2026-05-01 10:23:55,202,千葉 由希,2012wilsonairx270x78bit,491244901372,OK
2026-05-01 10:24:11,205,志賀 修,dj234wht250,491244903133,OK
2026-05-01 10:24:34,205,中畑 絵美,parka81321blk210,491244903122,OK
2026-05-01 10:24:35,202,平田 敏郎,ifme205318x185x13ppl,491244901361,OK
2026-05-01 10:24:35,209,北島 真澄,jk1074x245xblk,490197460911,OK
2026-05-01 10:24:59,208,井上 誠二郎,gs303x2lx20khk,491244903612,OK
2026-05-01 10:26:09,208,藤井 由宏,wilson1901x280xblk,491244903601,OK
2026-05-01 10:26:16,202,山口 恵美子,ifmesc0003x170xblu,491244901350,OK
2026-05-01 10:26:27,209,神田 涼介,nikecn9677005x290x005,490197460900,OK
2026-05-01 10:26:49,208,森川 雅紀,bck030x230xbkw,491244903590,OK
2026-05-01 10:27:18,202,青沼 麻実子,ifmesc0003x155xblu,491244901346,OK
2026-05-01 10:27:26,209,酒井 大地,nikecn9677005x290x005,490197460896,OK
2026-05-01 10:27:29,208,佐々木 恵,bck030x230xbkw,491244903586,OK
2026-05-01 10:28:21,209,山田 美智子,mz502x225xblk,490197460885,OK
2026-05-01 10:28:29,208,森下 寧々,pn8369x235xbeg,491244903575,OK
2026-05-01 10:28:57,205,水野 留美,bck030x180xbkw,491244903111,OK
2026-05-01 10:29:00,209,森絵里,moz491xmxbkw,490197460874,OK
2026-05-01 10:29:14,205,香山 景子,bck030x180xbkw,491244903100,OK
2026-05-01 10:29:16,208,石川 博之,wilsoncaj16022blk265,491244903564,OK
2026-05-01 10:29:19,202,鈴木 麻也,ifmesc0003x155xpnk,491244901335,OK
2026-05-01 10:29:33,205,,002,002,NG_伝票未登録
2026-05-01 10:29:39,205,松永ゆい,bck030x180xbeg,491244903096,OK
2026-05-01 10:29:43,202,稲垣 沙耶奈,ifmesc0003x165xwht,491244901324,OK
2026-05-01 10:29:54,205,池田 かおり,bck030x180xbeg,491244903085,OK
2026-05-01 10:30:03,208,近藤義人,l203x280xbkb,491244903553,OK
2026-05-01 10:30:13,205,熊代 真奈美,bck030x190xbkw,491244903074,OK
2026-05-01 10:30:46,208,笠原佳代子,b151142x199xble230,491244903542,OK
2026-05-01 10:31:05,205,太田勝久,491244903063,491244903063,NG_商品違い
2026-05-01 10:31:08,205,太田勝久,nev817xlxblk,491244903063,OK
2026-05-01 10:31:29,208,花輪 美佳,peanutspn8x225x2whw,491244903531,OK
2026-05-01 10:31:31,209,千葉 ゆみ子,l761x235x780blk,490197460863,OK
2026-05-01 10:31:35,205,佐藤 早紀,bck030x190xpcc,491244903052,OK
2026-05-01 10:31:54,205,白濱 未佳,bck030x190xpcc,491244903041,OK
2026-05-01 10:32:08,208,福留 千草,sa2814x225xdbr,491244903520,OK
2026-05-01 10:32:09,209,中川 恭一,165hmmm951blk240,490197460852,OK
2026-05-01 10:32:12,205,榎田 菊江,bck030x190xpcc,491244903030,OK
2026-05-01 10:32:34,205,紺野彩,bck030x220xbkw,491244903026,OK
2026-05-01 10:32:50,209,杉野 美紀,l761x235x780blk,490197460841,OK
2026-05-01 10:32:53,208,渡辺 郁子,skec188001x240xbbk,491244903516,OK
2026-05-01 10:32:54,205,田中 恒多,bck030x220xbkw,491244903015,OK
2026-05-01 10:33:11,205,荒井 千秋,bck030x220xbkw,491244903004,OK
2026-05-01 10:33:27,209,加世田 厚子,gpu22507lx230xblk,490197460830,OK
2026-05-01 10:33:35,205,蒲生 聖子,bck030x220xbkw,491244902993,OK
2026-05-01 10:33:35,208,成田 嘉廉,wilsonairx3lx720bk,491244903505,OK
2026-05-01 10:33:55,205,小金沢明子,skec125525x240xnat,491244902982,OK
2026-05-01 10:34:11,209,岡本 美千代,sanrio1501x245xwhy,490197460826,OK
2026-05-01 10:34:16,205,笹木原 理絵,l761x240x780blk,491244902971,OK
2026-05-01 10:34:32,205,山野 順子,parka8132whs230,491244902960,OK
2026-05-01 10:34:49,209,新津 真希子,l303x230xgry,490197460815,OK
2026-05-01 10:34:55,205,坂本正男,skec237473x250xbbk,491244902956,OK
2026-05-01 10:35:21,205,石井 雄一,2012wilsonairx290x78,491244902945,OK
2026-05-01 10:35:21,208,袴田 南,jk1074x240xblk,491244903494,OK
2026-05-01 10:35:25,209,小柳 暁子,mz19315x245x335blk,490197460804,OK
2026-05-01 10:35:41,205,坂野 健一,2012wilsonairx290x78,491244902934,OK
2026-05-01 10:35:55,209,小原 祐輔,bck030x210xgry,490197460793,OK
2026-05-01 10:36:04,205,荻野 雅也,2012wilsonairx260x70,491244902923,OK
2026-05-01 10:36:14,208,加藤 純,sa2841x245xwhbu,491244903483,OK
2026-05-01 10:36:23,205,早川 文雄,edm235x255xwpbrn,491244902912,OK
2026-05-01 10:36:33,209,藤井 博美,mz7017x200xblw,490197460782,OK
2026-05-01 10:36:44,205,笠川 裕美子,mz7018x200xnvy,491244902901,OK
2026-05-01 10:37:11,205,土屋 裕,kg4060x1508wht265,491244902890,OK
2026-05-01 10:37:21,209,相原 由奈,mz7017x200xblw,490197460771,OK
2026-05-01 10:37:36,205,廣瀬倫大,xst6032bkb280,491244902886,OK
2026-05-01 10:38:13,205,東江 朝陽,xst6032bkb280,491244902875,OK
2026-05-01 10:38:15,208,飛澤 実,air10x255x01bk,491244903472,OK
2026-05-01 10:38:21,209,上野 美季,jk1074x255xwht,490197460760,OK
2026-05-01 10:38:39,205,原野 隆晃,xst6032bkb280,491244902864,OK
2026-05-01 10:38:52,209,坂口 実紀子,bck030x200xbeg,490197460756,OK
2026-05-01 10:39:10,205,川縁 祐希,xst6032bkb280,491244902853,OK
2026-05-01 10:39:45,205,瀧希,skec120012x230xbbk,491244902842,OK
2026-05-01 10:40:17,205,高橋幸美,asahir301x200x310blk,491244902831,OK
2026-05-01 10:40:36,209,八十晶子,adshq0080x250xhq0080,490197462005,OK
2026-05-01 10:40:43,205,吉本 和希,2012wilsonairx255x78bit,491244902820,OK
2026-05-01 10:42:08,208,藤田恵美,ls8005fx230xblk,491244902750,OK
2026-05-01 10:43:01,208,森山愛,mz7017x220xblw,491244902746,OK
2026-05-01 10:43:32,205,高橋祐喜子,sa2814x250xblk,491244903461,OK
2026-05-01 10:43:42,205,,005,005,NG_伝票未登録
2026-05-01 10:43:44,209,北古賀利明,mk2813x245xoak,490197460200,OK
2026-05-01 10:43:49,208,玉腰 理江,pw7602x2sxblk,491244902735,OK
2026-05-01 10:43:52,205,飛鳥馬 利幸,dj360x255xgry,491244903450,OK
2026-05-01 10:44:14,205,大山 裕司,moz4273x255xblk,491244903446,OK
2026-05-01 10:44:32,209,戸田 麻里,bck030x210xvnl,490197460196,OK
2026-05-01 10:44:36,205,見上 恵,jk1074x245xblk,491244903435,OK
2026-05-01 10:44:52,205,谷 郁恵,valentino3912blks,491244903424,OK
2026-05-01 10:44:53,208,吉田 明日香,fkr1364x225xbkp,491244902724,OK
2026-05-01 10:45:15,205,竹内 亜矢子,edw37600x245xblk,491244903413,OK
2026-05-01 10:45:16,209,萬谷 華奈,bck030x210xvnl,490197460185,OK
2026-05-01 10:45:36,205,佐藤 正義,skr1041x235xblk,491244903402,OK
2026-05-01 10:45:38,208,松井 麻祐,fkr1364x220xbkp,491244902713,OK
2026-05-01 10:45:53,209,坂本恭一,lg1700x265xnvy,490197460174,OK
2026-05-01 10:45:54,205,内田 由佳,sa2814x240xdbr,491244903391,OK
2026-05-01 10:46:11,205,松尾 真由美,bck030x230xblk,491244903380,OK
2026-05-01 10:46:19,208,須田 康洋,pw7602x2lxblk,491244902702,OK
2026-05-01 10:46:29,209,水谷 里枝子,pw7602xmxblk,490197460163,OK
2026-05-01 10:46:32,205,佐々木 聖子,bck030x230xblk,491244903376,OK
2026-05-01 10:46:52,205,池田 裕太郎,jk1074x245xblk,491244903365,OK
2026-05-01 10:47:19,205,松本 明子,mz808x235xwhg,491244903354,OK
2026-05-01 10:47:33,209,福山直子,mz498xsxblk,490197460152,OK
2026-05-01 10:47:38,205,新福 代継,larkins670x265x686blk,491244903343,OK
2026-05-01 10:48:13,209,青柳 智美,mz8017x2lxblw,490197460141,OK
2026-05-01 10:48:32,205,矢儀 美和,mz7017x210xblw,491244903332,OK
2026-05-01 10:48:49,209,浅井由美子,mz8016x2lxnvy,490197460130,NG_商品違い
2026-05-01 10:49:01,209,浅井由美子,moz491x2lxbkw,490197460130,OK
2026-05-01 10:49:35,209,白井 公美子,moz491x2lxbkw,490197460126,OK
2026-05-01 10:49:50,208,川口 勇太,bck030x200xbkw,491244902691,OK
2026-05-01 10:50:18,209,永安 真理子,fkr1363x210xbkr,490197460115,OK
2026-05-01 10:50:37,208,高尾 絵美,bck030x200xbkw,491244902680,OK
2026-05-01 10:50:39,205,松下輝幸,xst6032bkb270,491244902816,OK
2026-05-01 10:50:50,209,佐藤 恵,skr1041x225xnvy,490197460104,OK
2026-05-01 10:51:02,205,菊井 とも子,mz7017x220xlvd,491244902805,OK
2026-05-01 10:51:14,208,大石 由佳,jk1074x235xwht,491244902676,OK
2026-05-01 10:51:24,205,安武剛,penny6001x2lxsbg,491244902794,OK
2026-05-01 10:51:25,209,林尚美,mz7016x190xbkw,490197460093,OK
2026-05-01 10:51:38,208,,$611510,$611510,NG_伝票未登録
2026-05-01 10:51:41,205,斉藤 雅巳,xstreetxst241x255xjkblk,491244902783,OK
2026-05-01 10:51:54,208,片山 清美,jk1074x235xwht,491244902665,OK
2026-05-01 10:51:59,205,大浜 希美,mz7017x210xblw,491244902772,OK
2026-05-01 10:52:22,208,,002,002,NG_伝票未登録
2026-05-01 10:52:27,205,新川 晶絵,165hmmm951blk250,491244902761,OK
2026-05-01 10:52:31,209,荒川英昭,wilsoncaj16011dbr255,490197460082,OK
2026-05-01 10:52:43,208,辻 健志,2012wilsonairx265x78bit,491244902654,OK
2026-05-01 10:53:10,209,松田 隆弘,l6100x260xwht,490197460071,OK
2026-05-01 10:53:28,208,福田 雄介,2012wilsonairx260x78,491244902643,OK
2026-05-01 10:53:59,209,三枝 裕志,l761x230x780gry,490197460060,OK
2026-05-01 10:54:21,208,清水 一史,nb22act30x255xtwh,491244902632,OK
2026-05-01 10:54:34,209,藤澤空翔,dnc1370x160xpnk,490197460056,OK
2026-05-01 10:54:50,208,,$612418,$612418,NG_伝票未登録
2026-05-01 10:55:05,208,原田 叶,mz7017x220xgry,491244902621,OK
2026-05-01 10:55:32,209,伊藤 春寿,l204x265xdgy,490197460045,OK
2026-05-01 10:56:48,209,柳田 香織,sanrio1503x235xblk,490197460034,OK
2026-05-01 10:56:53,208,松野博行,bck030x210xpcc,491244902610,OK
2026-05-01 10:57:23,209,中村裕子,jk1074x235xblk,490197460023,OK
2026-05-01 10:57:43,208,柳澤 麻実,bck030x220xblk,491244902606,OK
2026-05-01 10:58:22,208,江藤 恵利子,bck030x220xblk,491244902595,OK
2026-05-01 10:58:49,209,安藤敬広,tu8002x250x008,490197460012,OK
2026-05-01 10:58:59,208,川瀬健太,lg1700x260xblk,491244902584,OK
2026-05-01 10:59:37,208,,7171414,7171414,NG_伝票未登録
2026-05-01 10:59:52,209,仲村 奈保子,annanicola377blkbks,490197460001,OK
2026-05-01 10:59:54,208,茂木 良平,lg1700x255xblk,491244902573,NG_商品違い
2026-05-01 11:00:13,208,茂木 良平,lg1700x250xblk,491244902573,OK
2026-05-01 11:00:52,209,貝塚 真寿,im6620x215x6630bl,490197459990,OK
2026-05-01 11:01:34,208,佐藤 美鈴,moz491xlxwhw,491244902562,OK
2026-05-01 11:01:45,209,高野一美,wilson8xx260x81bk,490197459986,OK
2026-05-01 11:02:06,208,冨樫 江梨,moz491xlxwhw,491244902551,OK
2026-05-01 11:02:32,209,大場由香,bck030x220xbeg,490197459975,OK
2026-05-01 11:03:00,208,南出 千晶,cg1299xmxblk,491244902540,OK
2026-05-01 11:03:13,209,菅崎 あゆみ,bck030x200xgry,490197459964,OK
2026-05-01 11:03:48,208,岩岡 歩夢,bck030x220xgry,491244902536,OK
2026-05-01 11:03:53,209,竹浪 桃子,b151142bks230,490197459953,OK
2026-05-01 11:04:35,209,佐々木 健介,fkr1363x200xbkr,490197459942,OK
2026-05-01 11:04:52,208,森川 雅紀,bck030x220xgry,491244902525,OK
2026-05-01 11:05:36,208,木田 雅美,mz710x245xpnk,491244902514,OK
2026-05-01 11:06:23,208,大森 生早,bck030x220xblk,491244902503,OK
2026-05-01 11:07:05,208,石黒 裕子,bck030x220xblk,491244902492,OK
2026-05-01 11:07:27,209,桑嶋 静晶,2012wilsonairx280x78,490197459931,OK
2026-05-01 11:07:53,208,阿部 美樹,penny9907x250xjkcml,491244902481,OK
2026-05-01 11:08:08,209,福元 翔平,2012wilsonairx280x70bbr,490197459920,OK
2026-05-01 11:08:43,208,三木 菜苗,bck030x220xblk,491244902470,OK
2026-05-01 11:08:45,209,山岸 千春,mz8416xlxgry,490197459916,OK
2026-05-01 11:09:26,209,山崎麻里子,mz8416xlxgry,490197459905,OK
2026-05-01 11:09:32,208,岳野 優美,fkr1364x200xbkp,491244902466,OK
2026-05-01 11:10:15,209,遠藤浩子,mz0800xsxblk,490197459894,OK
2026-05-01 11:10:16,208,河本 大地,fkr1364x200xbkp,491244902455,OK
2026-05-01 11:10:57,209,西村愛,mz8416xmxgry,490197459883,OK
2026-05-01 11:11:10,208,岩島 康生,wilsoncaj16012blk255,491244902444,OK
2026-05-01 11:11:36,209,福澤辰垣,2012wilsonairx250x70,490197459872,OK
2026-05-01 11:12:17,209,川本 牧子,algy4502x230xwht,490197459861,OK
2026-05-01 11:13:01,209,金田紘明,lg1700x265xblk,490197459850,OK
2026-05-01 11:13:45,209,金子美和,2105560019665,490197459846,NG_商品違い
2026-05-01 11:13:50,209,金子美和,rpremium2853x240xblk,490197459846,OK
2026-05-01 11:14:49,209,伊福 寛次,pwpt7014bx180xblu,490197459835,NG_商品違い
2026-05-01 11:15:01,209,伊福 寛次,pwpt7014bx180xpnk,490197459835,OK
2026-05-01 11:15:11,208,堀部 志佳,jk1074x240xwht,491244902422,OK
2026-05-01 11:15:45,209,藤井 里奈,rpremium2853x245xblk,490197459824,OK
2026-05-01 11:15:53,208,橋本彰彦,lg1700x255xnvy,491244902411,OK
2026-05-01 11:16:43,208,内海 怜奈,pw7602xlxblk,491244902400,OK
2026-05-01 11:17:50,208,中村 信一,l6075x270xblk,491244902396,OK
2026-05-01 11:19:19,209,佐藤 美幸,jk1074x240xwht,491244902352,OK
2026-05-01 11:19:22,208,須田 まな美,mz710x245xpnk,491244902385,OK
2026-05-01 11:19:57,209,野口 千春,jk1074x240xwht,491244902341,OK
2026-05-01 11:20:10,208,小崎 志保,mz808x235xblk,491244902374,OK
2026-05-01 11:20:37,209,秋元 洋一,l6339wbk255,491244902330,OK
2026-05-01 11:21:02,208,落合 直美,jk1074x270xblk,491244902363,OK
2026-05-01 11:21:16,209,成富 加奈,jk1074x240xwht,491244902326,OK
2026-05-01 11:22:02,209,山下拓也,spltm196x255xbrn,491244902315,OK
2026-05-01 11:22:41,209,増渕 卓巳,spltm196x280xnvy,491244902304,OK
2026-05-01 11:23:19,209,丸浦正剛,491244902293,491244902293,NG_商品違い
2026-05-01 11:23:37,209,丸浦正剛,l204x265xbkb,491244902293,OK
2026-05-01 11:24:11,209,香西 理奈,jk1074x255xblk,491244902282,OK
2026-05-01 11:24:42,209,川澄 百合子,moz491x2lxbkw,491244902271,OK
2026-05-01 11:33:54,209,渡部 としみ,xstreetxst241x260xjkblk,491244902433,OK
2026-05-01 12:32:48,209,,490200263932,490200263932,NG_伝票未登録
2026-05-01 12:32:53,209,,490200263932,490200263932,NG_伝票未登録
2026-05-01 12:33:18,209,,490200263932,490200263932,NG_伝票未登録
2026-05-01 12:33:33,209,,490200263932,490200263932,NG_伝票未登録
2026-05-01 12:35:16,209,田形 可奈子,bck030x210xpcc,490200263921,OK
2026-05-01 12:35:21,208,佳奈子HERSNAILDESIGN,dsph6003lx230xblk,490200264470,OK
2026-05-01 12:35:31,202,木田 奈月,bck030x200xgry,491244905244,OK
2026-05-01 12:35:33,205,関原 敏郎,va312x255xblk,491244905933,NG_商品違い
2026-05-01 12:35:35,205,関原 敏郎,va312x255xblk,491244905933,NG_商品違い
2026-05-01 12:35:36,204,森島 篤志,bck030x210xvnl,491244906434,OK
2026-05-01 12:35:43,205,関原 敏郎,va601x255xblk,491244905933,OK
2026-05-01 12:35:55,202,木村 裕政,gpu22342x260xwhb,491244905233,OK
2026-05-01 12:35:55,209,小澤 宣子,mz8047xlxblk,490200263932,OK
2026-05-01 12:35:59,204,鶴飼 亜紀子,wilson281blk270,491244906423,OK
2026-05-01 12:36:07,205,中田 佳那,jk1074x225xblk,491244905922,OK
2026-05-01 12:36:19,205,,$231301,$231301,NG_伝票未登録
2026-05-01 12:36:26,202,志水 優子,bck030x230xblk,491244905222,OK
2026-05-01 12:36:31,204,小池 輝彦,99wilson2201xmxkhk,491244906412,OK
2026-05-01 12:36:32,205,森脇好子,pb803x225xwht,491244905911,OK
2026-05-01 12:36:40,202,,002,002,NG_伝票未登録
2026-05-01 12:36:42,209,西海 智康,wilson9xx255x5blk,490200263910,OK
2026-05-01 12:36:44,208,福田 真利子,bck030x220xvnl,490200264466,OK
2026-05-01 12:36:47,202,ﾘﾆｯｸPGS ｸﾗﾌﾞｸﾘﾆｯｸPGS,lg1700x270xblk,491244905211,OK
2026-05-01 12:36:49,205,落合 麻衣,jk1074x240xblk,491244905900,OK
2026-05-01 12:36:59,204,伊藤 栄,wilson8804wht270,491244906401,OK
2026-05-01 12:37:07,205,斉藤 雄大,skec229210x270xolv,491244905896,OK
2026-05-01 12:37:08,202,佐久間舞,mz8416xlxgry,491244905200,OK
2026-05-01 12:37:26,209,小川 貴子,bck030x220xbkw,490200263906,OK
2026-05-01 12:37:27,202,中田 健悟,rpremium2853x240xblk,491244905196,OK
2026-05-01 12:37:32,205,高田 真紀子,l761x235x780blk,491244905885,OK
2026-05-01 12:37:53,204,福田 信子,wt30122blkm,491244906390,OK
2026-05-01 12:37:54,202,山崎 かおり,2012wilsonairx265x78,491244905185,OK
2026-05-01 12:37:58,209,島田 明日香,bck030x210xbkw,490200263895,OK
2026-05-01 12:38:03,205,鈴木征一,xtokyo2050x260xbgr,491244905874,OK
2026-05-01 12:38:06,208,岡田 吟,asahir301x240x310nvy,490200264455,OK
2026-05-01 12:38:17,202,篠原 伸宏,2012wilsonairx250x70bbr,491244905174,OK
2026-05-01 12:38:24,205,郡山 慈教,starcrestjb60x270x601,491244905863,OK
2026-05-01 12:38:35,209,長谷川 智,bck030x210xbkw,490200263884,OK
2026-05-01 12:38:38,202,藤崎 麻紀,l303x245xblk,491244905163,NG_商品違い
2026-05-01 12:38:44,202,藤崎 麻紀,l303x240xblk,491244905163,OK
2026-05-01 12:38:46,205,夫津木 紗貴子,pn8134xlxblk,491244905852,OK
2026-05-01 12:39:07,205,平野 翠,dj360x250xbkb,491244905841,OK
2026-05-01 12:39:09,202,板倉 弘典,l303x245xblk,491244905152,OK
2026-05-01 12:39:10,209,笹尾泰久,bck030x190xpcc,490200263873,OK
2026-05-01 12:39:34,202,落合 美也子,nbww5502eac5x240xac5,491244905141,OK
2026-05-01 12:39:34,205,阪本 きょう子,moz491xlxblk,491244905830,OK
2026-05-01 12:39:35,208,金内一美,skec164085x230xbbk,490200264444,OK
2026-05-01 12:39:47,209,高田 紗也子,bck030x190xpcc,490200263862,OK
2026-05-01 12:39:54,204,荻野 祥之,tu7796x265xblk,491244906316,OK
2026-05-01 12:39:58,202,小松 里江,fkr1363x180xbkr,491244905130,OK
2026-05-01 12:40:01,205,西村由美子,pn8369x230xwht,491244905826,OK
2026-05-01 12:40:19,202,佐野 まどか,fkr1363x180xbkr,491244905126,OK
2026-05-01 12:40:22,204,五木田 真子,tu7796x260xblk,491244906305,OK
2026-05-01 12:40:22,205,鶴岡 紗弥香,bck030x210xgry,491244905815,OK
2026-05-01 12:40:25,209,鈴木 怜奈,bck030x190xpcc,490200263851,OK
2026-05-01 12:40:40,202,高橋裕,rpremium2853x235xoke,491244905115,OK
2026-05-01 12:40:45,204,江野村 由紀,im6620x230x6320bl,491244906294,OK
2026-05-01 12:40:46,205,蔵谷幸子,doq7572x4lxbeg,491244905804,OK
2026-05-01 12:41:05,205,渡辺 佑一,edm235x280xwpblk,491244905793,OK
2026-05-01 12:41:06,202,植木 友香,l303x240xblk,491244905104,OK
2026-05-01 12:41:07,209,木村 路子,l761x235x780gry,490200263840,OK
2026-05-01 12:41:08,208,宗像 健治,edw51333xlxblk,490200264433,OK
2026-05-01 12:41:09,204,東 利幸,wilson910x270x1blk,491244906283,OK
2026-05-01 12:41:25,205,三木 葵,parka8132whs200,491244905782,OK
2026-05-01 12:41:30,204,中村 綾夏,dj360x270xgry,491244906272,OK
2026-05-01 12:41:41,209,中原 温子,jk1074x255xblk,490200263836,OK
2026-05-01 12:41:43,205,辻 幸子,bck030x210xbkw,491244905771,OK
2026-05-01 12:41:44,202,平尾 和樹,nikeib2746x260x004,491244905093,OK
2026-05-01 12:42:01,204,石井信夫,wilson9xx270x5blk,491244906261,OK
2026-05-01 12:42:03,205,家本 知恵,bck030x210xpcc,491244905760,OK
2026-05-01 12:42:14,208,椎名清美,du6009x280xmgn,490200264422,OK
2026-05-01 12:42:33,209,宗形 恵美,gs303x3lx00blk,490200263825,OK
2026-05-01 12:42:34,204,佐藤 孝治,spltm197x270xblk,491244906250,OK
2026-05-01 12:43:05,204,山本 剛史,dj290x265xblk,491244906246,OK
2026-05-01 12:43:07,205,小林 勝,penny9907x280xjkblk,491244905756,OK
2026-05-01 12:43:24,208,榎本 菜々絵,fkr1363x225xbkr,490200264411,OK
2026-05-01 12:43:29,205,外京直子,nev817xmxblk,491244905745,OK
2026-05-01 12:43:36,209,中村 健浩,edm235x255xwpbrn,490200263814,OK
2026-05-01 12:43:38,204,村松芳幸,spltm196x255xbrn,491244906235,OK
2026-05-01 12:43:40,202,安東寛崇,dcs607x2lxkhk,491244905082,OK
2026-05-01 12:43:55,205,SCARAVELLI MATTEO,bck030x230xpcc,491244905734,OK
2026-05-01 12:44:10,208,矢部 貴之,rbks130x260xblk,490200264400,OK
2026-05-01 12:44:14,205,福田 智子,bck030x210xbkw,491244905723,OK
2026-05-01 12:44:16,209,吉田 睦月,bck030x220xblk,490200263803,OK
2026-05-01 12:44:23,202,菅原 有里恵,ifme205303x145xpnk,491244905071,OK
2026-05-01 12:44:28,204,水上 義也,spltm197x270xnvy,491244906224,OK
2026-05-01 12:44:32,205,高山 香葉,bck030x210xbkw,491244905712,OK
2026-05-01 12:44:51,209,棚澤 智子,l204x255xblk,490200263792,OK
2026-05-01 12:44:53,205,川口 千晶,bck030x210xbkw,491244905701,OK
2026-05-01 12:44:57,202,島野 麻紗美,s7110x235xbkb,491244905060,NG_商品違い
2026-05-01 12:45:07,202,島野 麻紗美,a2510nvy4l,491244905060,OK
2026-05-01 12:45:08,204,坂下 圭,spltm196x265xbrn,491244906213,OK
2026-05-01 12:45:12,205,沖田 芳子,l761x245x780blk,491244905690,OK
2026-05-01 12:45:25,208,梶谷 充,tu7796x250x7blk,490200264396,OK
2026-05-01 12:45:31,202,,002,002,NG_伝票未登録
2026-05-01 12:45:34,205,上野 恵美,edm235x280xwpbrn,491244905686,NG_商品違い
2026-05-01 12:45:37,204,岩城 理人,l683x270xblk,491244906202,OK
2026-05-01 12:45:44,205,上野 恵美,edm235x255xwpbrn,491244905686,OK
2026-05-01 12:45:46,209,隆広(米阪ｷﾞﾀ-教室),alb5503x265xblk,490200263781,OK
2026-05-01 12:46:01,202,岡崎 恭子,sy12080xmxblk,491244905056,OK
2026-05-01 12:46:05,205,久森 重夫,edm235x265xwpbrn,491244905675,OK
2026-05-01 12:46:19,204,野上 幸代,adsie8589x230xie8589,491244906191,OK
2026-05-01 12:46:22,205,高橋 文子,bck030x220xblk,491244905664,OK
2026-05-01 12:46:28,202,奥貞 晴美,ds8154xmxnvy,491244905045,OK
2026-05-01 12:46:28,209,齋藤 明美,bck030x200xbkw,490200263770,OK
2026-05-01 12:46:30,208,景井 麗,fs900blkm,490200264385,OK
2026-05-01 12:46:40,205,岡部 茉友,bck030x220xblk,491244905653,OK
2026-05-01 12:46:43,204,笠木 八千代,adsie8589x225xie8589,491244906180,OK
2026-05-01 12:47:08,205,高島 純子,mz7017x220xblw,491244905642,OK
2026-05-01 12:47:13,209,菊地 直太,wilson1901x250xblk,490200263766,OK
2026-05-01 12:47:33,205,田中 勝,alb5503x255xwht,491244905631,OK
2026-05-01 12:47:48,205,,$713636,$713636,NG_伝票未登録
2026-05-01 12:47:51,209,加藤 展也,edm235x260xwpblk,490200263755,OK
2026-05-01 12:47:55,208,吉川 祐司,tu7796x255xblk,490200264374,OK
2026-05-01 12:47:57,204,石原 亜弥,bck030x190xbkw,491244906176,OK
2026-05-01 12:47:58,205,河崎 郁磨,bck030x200xbkw,491244905620,OK
2026-05-01 12:48:15,205,石川 葉月,bck030x200xbkw,491244905616,OK
2026-05-01 12:48:27,209,高橋 玲美,mz8416xmxbrn,490200263744,OK
2026-05-01 12:48:28,204,望月 保里,gpu22514x230xbkb,491244906165,OK
2026-05-01 12:48:29,202,松浦 加奈子,sako,491244905034,OK
2026-05-01 12:48:35,205,多賀 綾,bck030x200xbkw,491244905605,OK
2026-05-01 12:48:53,205,池谷 友良,bck030x200xbkw,491244905594,OK
2026-05-01 12:48:56,204,原品 克成,fs900blks,491244906154,OK
2026-05-01 12:49:10,208,中野 義之,tu7796x275x5blk,490200264363,OK
2026-05-01 12:49:13,205,前田 夕貴,bck030x200xvnl,491244905583,OK
2026-05-01 12:49:27,204,石井 勇人,spltm195bko280,491244906143,OK
2026-05-01 12:49:33,205,中村 愛,jk1074x235xwht,491244905572,OK
2026-05-01 12:49:50,205,板井 美路子,pl3130blkm,491244905561,OK
2026-05-01 12:49:59,209,織田 佐知子,moz491x2lxblk,490200263733,OK
2026-05-01 12:50:05,204,岩田ちえみ,l304x240xbkb,491244906132,OK
2026-05-01 12:50:14,205,李 長偉,2012wilsonairx260x78,491244905550,OK
2026-05-01 12:50:31,204,松田 優希,tef02x190xblu,491244906121,OK
2026-05-01 12:50:33,209,松葉 恵奈,l203x250xbkb,490200263722,NG_商品違い
2026-05-01 12:50:39,205,伊藤 樹里,b151142oke240,491244905546,OK
2026-05-01 12:50:48,208,大砂直矢,tu7046x275xblk,490200264352,OK
2026-05-01 12:50:59,205,岩崎 結花,bck030x210xbeg,491244905535,OK
2026-05-01 12:51:01,209,松葉 恵奈,larkins670x250x686blk,490200263722,OK
2026-05-01 12:51:08,204,松村 一成,dr6275x255xdbr,491244906110,OK
2026-05-01 12:51:21,205,石丸愛里沙,mz7017x220xgry,491244905524,OK
2026-05-01 12:51:35,202,,7112314,7112314,NG_伝票未登録
2026-05-01 12:51:37,204,清水 龍,ap230xlx1blk,491244906106,OK
2026-05-01 12:51:42,209,小山内智子,lg1700x255xblk,490200263711,OK
2026-05-01 12:52:10,208,松坂武子,dwalkxmx4022,490200264341,OK
2026-05-01 12:52:12,202,市橋 由美,b151142x199xble245,491244905012,OK
2026-05-01 12:52:21,209,徳島 桃子,lg1700x255xblk,490200263700,OK
2026-05-01 12:52:56,204,影山 美恵子,rfm516x260xkhk,491244906095,OK
2026-05-01 12:53:06,209,辻上 正博,wilsoncaj16012blk245,490200263696,OK
2026-05-01 12:53:12,202,竹内 利一,wilson8xx265x81bk,491244905001,OK
2026-05-01 12:53:15,205,常廣久美子,gpu52504mx260xwht,491244905513,OK
2026-05-01 12:53:41,205,田畑 希和子,mz710x245xpnk,491244905502,OK
2026-05-01 12:53:43,204,菅原 千晴,bck030x230xbkw,491244906084,OK
2026-05-01 12:53:49,209,平 美鈴,jk1074x265xwht,490200263685,OK
2026-05-01 12:53:59,205,土村 信一,jms1830x250xblk,491244905491,OK
2026-05-01 12:54:05,204,岩関 拓,l203x270xbkb,491244906073,OK
2026-05-01 12:54:07,202,重田 則幸,edm235x270xwpbrn,491244904990,OK
2026-05-01 12:54:22,205,西尾 拓海,l204x265xblk,491244905480,OK
2026-05-01 12:54:24,209,作田 翔平,mg5670yel280,490200263674,OK
2026-05-01 12:54:39,205,西口 誠,nev786x265xwrd,491244905476,OK
2026-05-01 12:55:00,205,松浦 孝郎,bck030x230xbeg,491244905465,OK
2026-05-01 12:55:10,209,野田 明,mg5780x250xblk,490200263663,OK
2026-05-01 12:55:12,204,吉田 武司,spltm196x300xkhk,491244906062,OK
2026-05-01 12:55:19,205,吉野 年男,jk1074x240xwht,491244905454,OK
2026-05-01 12:55:43,208,成田 佐代子,spltm197x270xnvy,490200264330,OK
2026-05-01 12:55:45,205,辻村 康治,nev817x2lxblk,491244905443,NG_商品違い
2026-05-01 12:55:49,205,辻村 康治,jms1835x265xdgy,491244905443,OK
2026-05-01 12:55:50,209,佐藤 素代,mz808x240xwhs,490200263652,OK
2026-05-01 12:55:51,204,金田 薫,gpl22423xsxblk,491244906051,OK
2026-05-01 12:56:06,202,安井 式穂,mz8048xsxblk,491244904986,OK
2026-05-01 12:56:16,205,野田 綾美,pw7602xlxblk,491244905432,OK
2026-05-01 12:56:19,204,今西 拓哉,l6075x265xblk,491244906040,OK
2026-05-01 12:56:38,209,木村 通伸,4550541653211,490200263641,NG_商品違い
2026-05-01 12:56:39,205,大西 千尋,sanrio1503x245xbeg,491244905421,OK
2026-05-01 12:56:39,208,青山侑喜,spltm195bko260,490200264326,OK
2026-05-01 12:56:51,204,山名 やよい,sa2841x240xrdcm,491244906036,OK
2026-05-01 12:56:58,205,種村駿,lg1700x270xnvy,491244905410,OK
2026-05-01 12:57:06,202,毛良 萌,mz834x235xsap,491244904975,OK
2026-05-01 12:57:09,205,,002,002,NG_伝票未登録
2026-05-01 12:57:15,204,亀里 喜代美,l303x235xbeg,491244906025,OK
2026-05-01 12:57:16,205,岡田 寛子,mz8017xlxbeg,491244905406,OK
2026-05-01 12:57:37,202,千坂 亜耶,bck030x190xbkw,491244904964,OK
2026-05-01 12:57:37,205,船倉 和行,mg5750x260xblk,491244905395,OK
2026-05-01 12:57:37,208,佐藤 敬,spltm197x245xblk,490200264315,OK
2026-05-01 12:57:38,209,原田 由佳,mz7016x200xlvd,490200263630,OK
2026-05-01 12:57:43,204,徳武 清美,mz710x240xgrg,491244906014,OK
2026-05-01 12:58:09,205,曽我 徹,l203x265xbkb,491244905384,OK
2026-05-01 12:58:17,204,柴田智子,moz491xlxbkw,491244906003,OK
2026-05-01 12:58:26,209,村野 朱理,du6009x260xblk,490200263626,OK
2026-05-01 12:58:30,205,窪田 和佳菜,mz498x2lxblk,491244905373,OK
2026-05-01 12:58:39,202,岡本 大翔,memo,491244904953,OK
2026-05-01 12:58:40,204,柳澤 哲史,fkr1363x215xbkr,491244905992,OK
2026-05-01 12:58:46,208,重松 ﾐﾎ,spltl172nvy235,490200264304,OK
2026-05-01 12:58:49,205,森 恵美,jk1074x255xblk,491244905362,OK
2026-05-01 12:59:11,209,菊池 静流,pl3130blkl,490200263615,OK
2026-05-01 12:59:16,205,小笠原 紘美,skr1041x235xnvy,491244905351,OK
2026-05-01 12:59:23,204,生川 徹,wilson9xx255x6dbr,491244905981,OK
2026-05-01 12:59:34,202,井野 美香,2012wilsonairx250x78,491244904942,OK
2026-05-01 12:59:36,208,小川 純司,2012wilsonairx260x72,490200264293,OK
2026-05-01 12:59:47,205,杉江 寛子,l203x250xbkb,491244905340,NG_商品違い
2026-05-01 12:59:55,205,杉江 寛子,l203x255xbkb,491244905340,OK
2026-05-01 13:00:06,204,岡本晃彦,kg4060x1508wht280,491244905970,OK
2026-05-01 13:00:10,209,鍋井 咲子,mz0800xmxblk,490200263604,OK
2026-05-01 13:00:14,205,大島 裕貴,penny6001x2lxdbr,491244905336,OK
2026-05-01 13:00:25,208,藤ﾉ木一,l683x270xblk,490200264282,OK
2026-05-01 13:00:36,204,八木澤 弘美,im662kx230xblk,491244905966,NG_商品違い
2026-05-01 13:00:46,205,金坂 義之,mz8017xlxblw,491244905325,OK
2026-05-01 13:00:59,209,米田 正美,4945269485969,490200263593,NG_商品違い
2026-05-01 13:01:04,204,八木澤 弘美,im662kx235xblk,491244905966,OK
2026-05-01 13:01:05,202,北川 麻友子,precure3808x170x37ppl,491244904931,OK
2026-05-01 13:01:09,205,片平 大也,starcrestjb60x255x605,491244905314,OK
2026-05-01 13:01:13,209,米田 正美,rbks130x255xdbr,490200263593,OK
2026-05-01 13:01:25,208,小杉 武,fkr1528x220xnvy,490200264271,OK
2026-05-01 13:01:31,204,赤尾 美佳,bck030x220xbkw,491244905955,OK
2026-05-01 13:01:58,209,平井 隆之,ifme203314x135x02beg,490200263582,OK
2026-05-01 13:01:59,204,松本 達也,wilson1901x280xblk,491244905944,OK
2026-05-01 13:02:48,205,田中 聖一,jk1074x235xblk,491244905303,OK
2026-05-01 13:02:55,204,三澤 玲奈,rstac007xmxbkbr,491244906386,OK
2026-05-01 13:03:08,205,平野 恵美,l304x235xbkb,491244905292,OK
2026-05-01 13:03:35,205,平岡 稔也,mz6221x255xblk,491244905281,OK
2026-05-01 13:03:38,208,塚田 桂子,adsie8589x225xie8589,490200264260,OK
2026-05-01 13:03:48,204,安西 真奈美,rstac007xlxbkbr,491244906375,OK
2026-05-01 13:03:58,205,田中廣,dm2025x245xdgy,491244905270,OK
2026-05-01 13:04:07,209,井山 英美,bck030x230xblk,490200263571,OK
2026-05-01 13:04:17,202,戸田茂仁,sako,491244904920,OK
2026-05-01 13:04:20,202,,$794402,$794402,NG_伝票未登録
2026-05-01 13:04:22,205,畠山 眞莉奈,bck030x220xbeg,491244905266,OK
2026-05-01 13:04:38,209,松岡 未穂,bck030x230xblk,490200263560,OK
2026-05-01 13:04:51,204,村上美紀,1012b678x245x002,491244906364,OK
2026-05-01 13:05:00,202,福田 悦子,l304x235xbkb,491244904916,OK
2026-05-01 13:05:08,205,高野 安紀子,bck030x200xgry,491244905255,OK
2026-05-01 13:05:12,209,新ヶ江 和英,du6009x270xmgn,490200263556,OK
2026-05-01 13:05:31,204,関口 有希,asahir301x235x310nvy,491244906353,OK
2026-05-01 13:06:13,204,興梠 龍一,b151142x230x062ble,491244906342,OK
2026-05-01 13:06:42,209,竹中 由美,mz8416xlxkhk,490200263545,OK
2026-05-01 13:07:08,204,阪本 きょう子,sa2814x240xbeg,491244906331,OK
2026-05-01 13:07:12,208,岡本 愛,l761x245x780blk,490200264245,NG_商品違い
2026-05-01 13:07:17,202,鈴木 晶子,b151142x199xble225,491244904905,NG_商品違い
2026-05-01 13:07:21,208,岡本 愛,l761x245x780gry,490200264245,OK
2026-05-01 13:07:21,209,安藤 尚宏,2012wilsonairx280x78,490200263534,OK
2026-05-01 13:07:36,202,鈴木 晶子,b151142x199xoke235,491244904905,OK
2026-05-01 13:07:40,204,杉 典子,jk1074x260xwht,491244906320,OK
2026-05-01 13:08:04,209,米本 優,2012wilsonairx265x78,490200263523,OK
2026-05-01 13:08:32,202,依田 智美,bck030x230xbkw,491244904894,OK
2026-05-01 13:08:32,205,,490200789654,490200789654,NG_伝票未登録
2026-05-01 13:08:42,209,和知麻衣子,lg1700x270xblk,490200263512,OK
2026-05-01 13:08:48,205,,06805730,06805730,NG_伝票未登録
2026-05-01 13:08:53,204,,491244906681,491244906681,NG_伝票未登録
2026-05-01 13:09:23,209,小林麻衣子,2012wilsonairx270x78bit,490200263501,NG_商品違い
2026-05-01 13:09:31,209,小林麻衣子,lg1700x270xblk,490200263501,OK
2026-05-01 13:09:42,208,西田 樹生,fs900blks,490200264234,OK
2026-05-01 13:09:47,204,長谷川裕子,asahir301x210x310nvy,491244906681,OK
2026-05-01 13:10:03,202,伊藤 美紀子,sako,491244904883,OK
2026-05-01 13:10:05,209,野田 香菜,tz2350x230xpgd,490200263490,OK
2026-05-01 13:10:31,205,丹原昌代,im6620x235x6620bl,490200789746,OK
2026-05-01 13:10:32,204,安田淳輝,o4170050x210xorg,491244906670,OK
2026-05-01 13:10:46,209,安藤 直美,xst6033bkbs,490200263486,OK
2026-05-01 13:10:57,208,杉本 光司,l6476wet250,490200264256,OK
2026-05-01 13:10:58,202,吉規 文,491244904861,491244904872,NG_商品違い
2026-05-01 13:11:02,202,吉規 文,sako,491244904872,OK
2026-05-01 13:11:03,205,杉浦 靖,skec237473x270xtan,490200789735,OK
2026-05-01 13:11:10,204,宮川 英,b151142bks235,491244906666,NG_商品違い
2026-05-01 13:11:24,209,小川裕也,alb5503x280xwht,490200263475,OK
2026-05-01 13:11:34,205,西村 晃世,mz19315x230x2366gry,490200789724,OK
2026-05-01 13:11:37,202,永井 万理,bck030x190xgry,491244904861,OK
2026-05-01 13:11:43,204,宮川 英,b151142x199xble235,491244906666,OK
2026-05-01 13:12:01,208,大澤 等,l6236x260xwhr,490200264223,OK
2026-05-01 13:12:09,205,松島美帆,annanicola377blkbks,490200789713,NG_商品違い
2026-05-01 13:12:19,204,金井 昌之,dj234gry260,491244906655,OK
2026-05-01 13:12:25,202,小西 彰子,bck030x190xpcc,491244904850,OK
2026-05-01 13:12:52,202,,002,002,NG_伝票未登録
2026-05-01 13:12:57,208,杉原 隆史,tu7796x265xblk,490200264212,OK
2026-05-01 13:13:08,204,沼間 はるな,mz8047xmxblk,491244906644,OK
2026-05-01 13:13:46,208,峰松 久実子,tu7796x260x7blk,490200264201,OK
2026-05-01 13:13:57,204,齊藤 悠伍,du6009x280xblk,491244906633,OK
2026-05-01 13:14:19,202,齊藤 慎太郎,bck030x200xbkw,491244904846,OK
2026-05-01 13:14:45,204,渡部 恒久,fs900blks,491244906622,OK
2026-05-01 13:15:14,209,井原三智,topaz4829x230xblk,490200263464,OK
2026-05-01 13:15:20,202,西本大剛,sako,491244904835,OK
2026-05-01 13:15:23,202,,002,002,NG_伝票未登録
2026-05-01 13:15:43,205,持主 直紀,mz7017x210xsax,490200789702,OK
2026-05-01 13:15:44,208,山形 京子,l304x240xbkb,490200264190,OK
2026-05-01 13:16:09,204,尾崎幸代,sa2841x230xwhbu,491244906611,OK
2026-05-01 13:16:12,202,高久 純一,sako,491244904824,OK
2026-05-01 13:16:20,205,佐藤博,mmm2033xlxblk,490200789691,OK
2026-05-01 13:16:24,209,稲本 恵,edw7971x255xblk,490200263453,OK
2026-05-01 13:16:48,208,高橋 由季,gs303xlx00blk,490200264186,OK
2026-05-01 13:16:56,205,田中 勝也,edm235x270xwpblk,490200789680,OK
2026-05-01 13:17:03,204,三木 葵,algy4701x230xwhs,491244906600,OK
2026-05-01 13:17:34,209,伊多波 明美,ifmesc0003x215xyel,490200263442,OK
2026-05-01 13:17:47,202,真栄田 佳代子,fkr1131x235xblk,491244904813,OK
2026-05-01 13:18:05,208,原田 真由美,hm9050blkl,490200264175,OK
2026-05-01 13:18:10,205,佐藤 安浩,skc149937wx230xnvpr,490200789676,OK
2026-05-01 13:18:35,204,中本 茜,bck030x220xbkw,491244906596,OK
2026-05-01 13:18:48,204,山田剛,bck030x220xbkw,491244906585,OK
2026-05-01 13:19:10,208,中島 英里,ms35401x240xblk,490200264164,OK
2026-05-01 13:19:13,202,江口 さおり,491244904791,491244904802,NG_商品違い
2026-05-01 13:19:17,202,江口 さおり,sako,491244904802,OK
2026-05-01 13:19:17,209,石川慎一,doq7572xlxnvy,490200263431,OK
2026-05-01 13:19:23,202,,002,002,NG_伝票未登録
2026-05-01 13:19:41,204,塩川 和輝,jk1074x255xblk,491244906574,OK
2026-05-01 13:19:51,208,加々美 あゆみ,bck030x230xbkw,490200264153,OK
2026-05-01 13:20:13,202,岡部友和,bck030x200xgry,491244904791,OK
2026-05-01 13:20:13,204,片柳 加奈子,bck030x220xblk,491244906563,OK
2026-05-01 13:20:24,205,畠山工業畠山寿夫,lg1700x250xnvy,490200789665,NG_商品違い
2026-05-01 13:20:27,205,畠山工業畠山寿夫,lg1700x245xnvy,490200789665,OK
2026-05-01 13:20:30,208,山口 拓政,bck030x230xbkw,490200264142,OK
2026-05-01 13:21:00,209,氏家 直之,ds8154x2lxnvy,490200263420,OK
2026-05-01 13:21:02,204,水谷千恵美,sa2841x250xwhpb,491244906552,OK
2026-05-01 13:21:18,202,福崎 由利奈,sako,491244904780,OK
2026-05-01 13:21:44,205,野元 淳子,bd2000x2lxblk,490200789654,OK
2026-05-01 13:21:45,204,成瀬 須和子,sa2841x235xwhbu,491244906541,OK
2026-05-01 13:22:17,208,田辺誠,gpu22341x270xwhb,490200264131,OK
2026-05-01 13:22:21,204,鈴木 美奈子,dj234wht255,491244906530,OK
2026-05-01 13:22:54,205,松島美帆,mmm51xsxblk,490200789713,OK
2026-05-01 13:22:56,204,中山 竜二,arpeggiox255xblk,491244906526,OK
2026-05-01 13:23:03,202,武子 幸子,gohai,491244904776,OK
2026-05-01 13:23:06,208,本多徹夫,penny6001x2lxbrn,490200264120,OK
2026-05-01 13:23:31,204,出村 眞喜,annanicola377blkbkm,491244906515,OK
2026-05-01 13:23:36,205,,01461220,01461220,NG_伝票未登録
2026-05-01 13:24:07,208,上船奈美,mz26260x225xbeg,490200264116,OK
2026-05-01 13:24:38,202,中山 七華,sako,491244904765,OK
2026-05-01 13:24:43,204,岸 佐永子,ifme205318x150x13blk,491244906504,OK
2026-05-01 13:24:53,208,小澤美保子,mz26260x245xblk,490200264105,OK
2026-05-01 13:24:56,205,黒田幸男,rappingopgryfre,490200263416,NG_商品違い
2026-05-01 13:24:59,205,黒田幸男,rap-gry,490200263416,OK
2026-05-01 13:25:42,204,浅尾 久子,ba36603x170xppl,491244906493,OK
2026-05-01 13:26:04,208,坂本 舞桜,mz8016x2lxsax,490200264094,OK
2026-05-01 13:26:13,202,草場 真結香,ifmesc0002x205xgrn,491244904754,OK
2026-05-01 13:26:30,204,今泉 秀規,ifmesc0003x180xyel,491244906482,OK
2026-05-01 13:27:23,208,高橋 奈奈江,l761x235x780gry,490200264083,OK
2026-05-01 13:27:50,205,百田 容子,va502x265xlbr,490200263405,OK
2026-05-01 13:28:05,208,國枝 由子,sa2841x245xwhpb,490200264072,OK
2026-05-01 13:28:16,204,加藤 百合絵,mz808x235xblk,491244906471,OK
2026-05-01 13:28:50,208,萬徳 恵実,bck030x220xbkw,490200264061,OK
2026-05-01 13:29:30,204,安藤 未来,bck030x200xpcc,491244906460,OK
2026-05-01 13:29:39,208,平井 好美,sanrio1503x225xblk,490200264050,OK
2026-05-01 13:30:19,205,大谷 陸樹,alb5503x260xcml,490200263394,OK
2026-05-01 13:30:26,208,小野 隆生,2012wilsonairx270x79,490200264046,OK
2026-05-01 13:30:49,204,伊藤 太一,2012wilsonairx260x78,491244906456,OK
2026-05-01 13:31:14,208,谷内 貞夫,jk1074x240xblk,490200264035,OK
2026-05-01 13:31:52,204,川村 志保,sako,491244906445,OK
2026-05-01 13:31:54,208,松森 眞美,nbm413lk3x260xlk3,490200264024,OK
2026-05-01 13:32:02,205,櫻井清江,im6620x235x6620bl,490200263383,OK
2026-05-01 13:32:39,208,佐藤 正子,l6339blk255,490200264013,NG_商品違い
2026-05-01 13:32:49,205,関 万里,mz7017x220xnvy,490200263372,NG_商品違い
2026-05-01 13:33:03,205,関 万里,mz7017x230xgry,490200263372,OK
2026-05-01 13:33:12,208,佐藤 正子,l761x235x780blk,490200264013,OK
2026-05-01 13:33:51,204,,02079010,02079010,NG_伝票未登録
2026-05-01 13:33:51,208,清宮百代,edw37600x240xoak,490200264002,OK
2026-05-01 13:34:03,205,菊池 貴裕,2012wilsonairx245x70,490200263361,OK
2026-05-01 13:34:20,202,川崎 真梨子,asahir301x240x310sax,491244905023,OK
2026-05-01 13:34:36,204,小林 一宏,rappingopgryfre,490200263346,OK
2026-05-01 13:34:43,208,堀ちほ,annanicola377blkbkl,490200263991,OK
2026-05-01 13:34:47,205,江口 一弘,4523118899251,490200263350,NG_商品違い
2026-05-01 13:35:10,205,江口 一弘,apltamm117x260xblk,490200263350,OK
2026-05-01 13:36:07,204,,02567110,02567110,NG_伝票未登録
2026-05-01 13:36:07,208,叶田 小百合,mz502x230xblk,490200263980,OK
2026-05-01 13:36:59,208,前村 美樹,b151142bke230,490200263976,NG_商品違い
2026-05-01 13:37:09,208,前村 美樹,b151142x199xble230,490200263976,OK
2026-05-01 13:38:26,208,石井 信弘,nbgk578bkx220xbk,490200263965,OK
